"Date/Time (EDT)","Zone","Section","Row","Qty","Price"
"11-28-23 / 09:48 PM","Balcony","BAL320","11","2","75.51"
"11-28-23 / 05:26 PM","Balcony","BAL312","13","1","59.15"
"11-28-23 / 05:26 PM","Loge","LOGE6","25","1","96.03"
"11-28-23 / 05:26 PM","Balcony","BAL328","10","1","98.08"
"11-28-23 / 05:26 PM","SportsDeck","Sports Deck","C","2","299.7"
"11-28-23 / 01:12 PM","Balcony","BAL308","8","1","57"
"11-28-23 / 01:12 PM","Balcony","BAL328","9","2","64.02"
"11-28-23 / 09:48 AM","Balcony","BAL308","8","2","57"
"11-28-23 / 03:10 AM","Balcony","BAL309","12","3","62.79"
"11-28-23 / 03:10 AM","Loge","LOGE10","26","2","146.47"
"11-28-23 / 03:10 AM","Balcony","BAL327","10","2","58.2"
"11-28-23 / 03:10 AM","Club","CLB141","H","2","277.2"
"11-28-23 / 03:10 AM","Loge","LOGE7","1","1","137.75"
"11-28-23 / 03:10 AM","Balcony","BAL326","1","3","72"
"11-28-23 / 03:10 AM","Balcony","BAL311","5","1","65.52"
"11-28-23 / 03:10 AM","Balcony","BAL318","10","2","71.78"
"11-27-23 / 11:00 PM","Loge","LOGE10","9","1","220.5"
"11-27-23 / 11:00 PM","Balcony","BAL327","7","1","62.79"
"11-27-23 / 11:00 PM","VIP","11","B","1","679.25"
"11-27-23 / 11:00 PM","Balcony","BAL319","7","1","66.6"
"11-27-23 / 06:50 PM","Balcony","BAL316","12","1","110.4"
"11-27-23 / 06:50 PM","Balcony","BAL307","13","1","53.64"
"11-27-23 / 06:50 PM","Loge","LOGE8","22","1","111.55"
"11-27-23 / 02:57 PM","Balcony","BAL315","12","1","84.39"
"11-27-23 / 02:57 PM","Loge","LOGE7","26","2","123.5"
"11-27-23 / 11:14 AM","Loge","LOGE17","9","2","114.46"
"11-27-23 / 11:14 AM","Balcony","BAL314","13","1","73.72"
"11-27-23 / 11:14 AM","Balcony","BAL307","14","1","72.25"
"11-27-23 / 05:17 AM","Balcony","BAL323","4","1","60.25"
"11-27-23 / 05:16 AM","Loge","LOGE1","17","2","245.41"
"11-26-23 / 10:21 PM","Balcony","BAL312","13","2","61.88"
"11-26-23 / 10:21 PM","Balcony","BAL307","14","3","54.18"
"11-26-23 / 10:21 PM","Balcony","BAL323","4","2","60.25"
"11-26-23 / 10:21 PM","Balcony","BAL317","12","2","94.64"
"11-26-23 / 06:41 PM","Loge","LOGE16","22","2","109.61"
"11-26-23 / 06:41 PM","Loge","LOGE7","L","2","137.53"
"11-26-23 / 03:03 PM","Loge","LOGE11","3","2","255.11"
"11-26-23 / 11:27 AM","Loge","LOGE12","12","2","264.81"
"11-26-23 / 08:44 AM","Balcony","BAL312","9","2","63.92"
"11-26-23 / 02:44 AM","Balcony","BAL306","14","1","64.34"
"11-25-23 / 11:07 PM","Loge","LOGE12","16","2","259.56"
"11-25-23 / 03:03 PM","Balcony","BAL307","13","3","63.69"
"11-25-23 / 03:03 PM","Loge","LOGE1","18","2","256.05"
"11-24-23 / 08:31 PM","Loge","LOGE21","6","2","243"
"11-24-23 / 08:31 PM","Loge","LOGE9","26","2","141.64"
"11-24-23 / 11:11 AM","Loge","LOGE14","2","2","225"
"11-24-23 / 04:40 AM","Loge","LOGE17","J","2","185.25"
"11-23-23 / 04:46 PM","Balcony","BAL304","11","2","85.36"
"11-23-23 / 03:06 AM","Loge","LOGE18","F","2","192.28"
"11-22-23 / 11:03 PM","Balcony","BAL305","9","1","79.99"
"11-22-23 / 06:35 PM","Balcony","BAL316","10","3","108"
"11-22-23 / 06:35 PM","Balcony","BAL319","10","2","78.48"
"11-20-23 / 03:36 PM","Balcony","BAL325","14","2","62.73"
"11-20-23 / 03:36 PM","Balcony","BAL321","13","3","66.65"
"11-19-23 / 03:09 PM","Loge","LOGE20","24","2","203.73"
"11-19-23 / 08:55 AM","Balcony","BAL328","11","1","91.8"
"11-18-23 / 05:03 PM","Balcony","BAL324","9","2","74.16"
"11-18-23 / 05:03 PM","Club","CLB145","F","2","229.5"
"11-17-23 / 01:32 PM","Loge","LOGE14","A","2","307.97"
"11-17-23 / 06:13 AM","Loge","LOGE15","15","5","168.37"
"11-16-23 / 09:08 PM","Balcony","BAL326","11","2","69.53"
"11-16-23 / 04:46 PM","Balcony","BAL312","9","1","71.07"
"11-16-23 / 04:46 PM","Balcony","BAL325","11","2","69.53"
"11-16-23 / 04:46 PM","Balcony","BAL328","11","2","91.8"
"11-16-23 / 02:26 AM","Balcony","BAL327","7","1","106.47"
"11-15-23 / 05:33 AM","Floor","FLR18","","2","802.8"
"11-15-23 / 05:32 AM","Loge","LOGE18","9","2","137.4"
"11-13-23 / 11:38 PM","Balcony","BAL312","13","2","78.57"
"11-13-23 / 11:38 PM","Balcony","BAL329","12","2","75.92"
"11-13-23 / 11:38 PM","Balcony","BAL314","13","2","78.9"
"11-13-23 / 03:54 PM","Loge","LOGE18","4","2","151.62"
"11-13-23 / 03:54 PM","Loge","LOGE5","22","2","139.66"
"11-13-23 / 12:29 AM","Balcony","BAL319","13","2","80.51"
"11-12-23 / 09:30 AM","Loge","LOGE17","4","2","155.2"
"11-12-23 / 05:17 AM","Balcony","BAL301","11","2","101.85"
"11-12-23 / 05:17 AM","Club","CLB109","C","2","265.93"
"11-12-23 / 05:17 AM","Balcony","BAL330","10","1","88.43"
"11-12-23 / 05:17 AM","Loge","LOGE18","10","2","125.1"
"11-12-23 / 05:17 AM","Loge","LOGE17","12","2","133"
"11-11-23 / 08:50 PM","Balcony","BAL324","8","4","72.75"
"11-11-23 / 12:36 PM","Loge","LOGE19","14","1","142.5"
"11-11-23 / 04:58 AM","Balcony","BAL314","10","2","99.9"
"11-11-23 / 04:58 AM","Balcony","BAL328","10","3","73.72"
"11-09-23 / 09:41 PM","Balcony","BAL320","8","2","67.69"
"11-09-23 / 05:00 AM","Balcony","BAL313","15","4","66.93"
"11-08-23 / 07:57 PM","Balcony","BAL326","15","4","62.79"
"11-08-23 / 03:08 AM","Balcony","BAL328","15","2","66.69"
"11-08-23 / 03:08 AM","Loge","LOGE18","15","2","133.86"
"11-08-23 / 03:08 AM","Loge","LOGE15","18","2","156.35"
"11-07-23 / 09:59 PM","Balcony","BAL326","10","3","59.4"
"11-07-23 / 09:59 PM","Balcony","BAL318","12","2","73.11"
"11-07-23 / 06:44 AM","Balcony","BAL311","8","2","66.93"
"11-07-23 / 06:44 AM","Balcony","BAL325","12","2","61.11"
"11-07-23 / 06:44 AM","Loge","LOGE9","22","2","131.04"
"11-06-23 / 01:33 AM","Balcony","BAL318","6","3","99.91"
"11-06-23 / 01:33 AM","Balcony","BAL321","12","1","65.96"
"11-05-23 / 01:07 AM","Balcony","BAL329","7","3","83.23"
"11-05-23 / 01:07 AM","Balcony","BAL307","6","1","64.99"
"11-04-23 / 05:04 PM","Balcony","BAL306","15","2","56.57"
"11-04-23 / 09:16 AM","Balcony","BAL302","6","1","110.58"
"11-04-23 / 09:16 AM","Loge","LOGE18","7","2","138.71"
"11-03-23 / 03:19 PM","Loge","LOGE7","26","2","114.89"
"11-03-23 / 03:19 PM","Loge","LOGE16","26","3","130.95"
"11-03-23 / 03:18 PM","Balcony","BAL314","15","2","114.37"
"11-03-23 / 03:18 PM","Loge","LOGE10","13","2","220.28"
"11-03-23 / 03:18 PM","Balcony","BAL304","10","2","103.37"
"11-03-23 / 03:18 PM","Loge","LOGE10","9","4","228.92"
"11-03-23 / 03:18 PM","VIP","2","B","2","1721.74"
"11-03-23 / 03:18 PM","Balcony","BAL312","10","2","57.23"
"11-03-23 / 03:18 PM","Balcony","BAL330","11","2","120.37"
"11-03-23 / 03:18 PM","Balcony","BAL302","10","4","94.09"
"11-03-23 / 03:18 PM","Balcony","BAL327","12","2","55.19"
"11-03-23 / 03:18 PM","Loge","LOGE19","18","4","249.89"
"11-03-23 / 03:18 PM","Club","CLB107","B","2","198"
"11-03-23 / 03:18 PM","Club","CLB115","G","2","209.79"
"11-03-23 / 03:18 PM","Club","CLB115","F","4","264.94"
"11-03-23 / 03:18 PM","Balcony","BAL327","3","2","84.39"
"11-03-23 / 03:18 PM","Loge","LOGE5","2","3","217.49"
"11-03-23 / 03:18 PM","Loge","LOGE17","15","4","121.25"
"11-03-23 / 03:18 PM","Balcony","BAL303","9","2","72.75"
"11-03-23 / 03:18 PM","Loge","LOGE8","13","3","138.71"
"11-03-23 / 07:02 AM","Balcony","BAL302","14","2","80.75"
"11-03-23 / 07:02 AM","Loge","LOGE17","19","2","175.42"
"11-03-23 / 07:02 AM","Balcony","BAL308","7","4","65.96"
"11-03-23 / 07:02 AM","Balcony","BAL308","11","2","60.14"
"11-03-23 / 07:02 AM","Loge","LOGE17","17","2","164.33"
"11-03-23 / 07:02 AM","Balcony","BAL329","15","3","62.38"
"11-03-23 / 07:02 AM","Balcony","BAL321","3","2","112.37"
"11-03-23 / 07:02 AM","Balcony","BAL328","6","3","136.53"
"11-03-23 / 07:02 AM","Balcony","BAL322","13","2","56.26"
"11-03-23 / 07:02 AM","Balcony","BAL320","15","2","57.23"
"11-03-23 / 07:02 AM","Club","CLB111","H","2","213.61"
"11-03-23 / 07:02 AM","Loge","LOGE7","24","2","186.2"
"11-03-23 / 07:02 AM","Loge","LOGE6","F","2","304.78"
"11-03-23 / 07:02 AM","Loge","LOGE5","9","3","142.58"
"11-03-23 / 07:02 AM","Balcony","BAL310","6","3","66.93"
"11-03-23 / 07:02 AM","Loge","LOGE7","3","2","156.8"
"11-03-23 / 07:02 AM","Balcony","BAL318","14","5","64.26"
"11-03-23 / 07:02 AM","Balcony","BAL316","5","2","107.67"
"11-03-23 / 07:02 AM","Club","CLB107","F","3","241.31"
"11-03-23 / 07:02 AM","Balcony","BAL330","6","4","108.64"
"11-03-23 / 07:02 AM","Club","CLB137","G","2","213.4"
"11-02-23 / 09:37 PM","Balcony","BAL317","11","1","93.12"
"11-02-23 / 09:37 PM","Balcony","BAL329","11","2","119.37"
"11-02-23 / 09:37 PM","Loge","LOGE15","24","3","203.7"
"11-02-23 / 09:37 PM","Loge","LOGE18","18","3","195.02"
"11-02-23 / 09:37 PM","Balcony","BAL329","8","4","128.13"
"11-02-23 / 09:37 PM","Loge","LOGE17","18","4","199.06"
"11-02-23 / 09:37 PM","Balcony","BAL324","7","2","97.38"
"11-02-23 / 09:37 PM","Balcony","BAL330","8","2","126.36"
"11-02-23 / 09:37 PM","Loge","LOGE14","1","2","223.1"
"11-02-23 / 09:37 PM","Loge","LOGE15","23","3","148.41"
"11-02-23 / 09:37 PM","Loge","LOGE17","16","2","106.7"
"11-02-23 / 09:37 PM","Loge","LOGE18","17","5","142.59"
"11-02-23 / 09:37 PM","Loge","LOGE4","7","2","230.3"
"11-02-23 / 09:37 PM","Loge","LOGE7","19","3","127.07"
"11-02-23 / 09:37 PM","Loge","LOGE5","13","3","146.47"
"11-02-23 / 09:37 PM","Loge","LOGE17","20","6","148.41"
"11-02-23 / 09:37 PM","Loge","LOGE7","14","4","133.86"
"11-02-23 / 09:37 PM","Loge","LOGE21","13","2","295.75"
"11-02-23 / 09:37 PM","Balcony","BAL330","10","2","87.92"
"11-02-23 / 09:37 PM","Balcony","BAL315","15","6","82.39"
"11-02-23 / 09:37 PM","Loge","LOGE7","8","3","134.83"
"11-02-23 / 09:37 PM","Balcony","BAL328","8","3","74.69"
"11-02-23 / 09:37 PM","Balcony","BAL321","2","3","122.22"
"11-02-23 / 09:37 PM","Loge","LOGE16","19","2","129.98"
"11-02-23 / 09:37 PM","Balcony","BAL304","12","2","65.96"
"11-02-23 / 09:37 PM","Balcony","BAL301","13","3","102.39"
"11-02-23 / 09:37 PM","Loge","LOGE18","19","5","136.77"
"11-02-23 / 09:37 PM","Loge","LOGE16","24","4","148.41"
"11-02-23 / 09:37 PM","Loge","LOGE4","24","3","124.16"
"11-02-23 / 09:37 PM","Loge","LOGE7","19","3","123.19"
"11-02-23 / 09:37 PM","Loge","LOGE18","M","4","156.17"
"11-02-23 / 09:37 PM","Loge","LOGE14","C","2","252.2"
"11-02-23 / 09:37 PM","Loge","LOGE10","C","4","273.54"
"11-02-23 / 09:37 PM","Balcony","BAL312","6","3","69.84"
"11-02-23 / 09:37 PM","Balcony","BAL301","7","2","129.01"
"11-02-23 / 01:39 PM","Balcony","BAL308","6","2","67.9"
"11-02-23 / 01:39 PM","Balcony","BAL329","6","3","91.18"
"11-02-23 / 01:39 PM","Balcony","BAL309","10","2","97.38"
"11-02-23 / 01:39 PM","Balcony","BAL315","15","2","119.37"
"11-02-23 / 01:39 PM","Loge","LOGE17","D","2","231.33"
"11-02-23 / 01:39 PM","Balcony","BAL307","2","2","129.36"
"11-02-23 / 01:39 PM","Balcony","BAL315","12","3","91.18"
"11-02-23 / 01:39 PM","Balcony","BAL321","15","6","57.72"
"11-02-23 / 01:39 PM","Loge","LOGE5","23","2","246.96"
"11-02-23 / 01:39 PM","Balcony","BAL312","14","5","64.28"
"11-02-23 / 01:39 PM","Loge","LOGE9","24","2","156.8"
"11-02-23 / 01:39 PM","Balcony","BAL322","13","2","49.5"
"11-02-23 / 01:39 PM","Loge","LOGE10","19","4","158.4"
"11-02-23 / 01:39 PM","Balcony","BAL303","15","4","69.93"
"11-02-23 / 01:39 PM","Balcony","BAL319","5","3","80.51"
"11-02-23 / 01:39 PM","Balcony","BAL307","11","3","56.64"
"11-02-23 / 01:39 PM","Loge","LOGE9","4","2","244.02"
"11-02-23 / 01:39 PM","Balcony","BAL304","9","4","68.87"
"11-02-23 / 06:10 AM","Balcony","BAL327","12","1","56.42"
"11-02-23 / 06:10 AM","Loge","LOGE17","15","2","188.16"
"11-02-23 / 06:10 AM","Loge","LOGE4","26","2","153.86"
"11-02-23 / 06:10 AM","Loge","LOGE4","2","2","233.37"
"11-02-23 / 06:10 AM","Balcony","BAL302","12","4","127.13"
"11-02-23 / 06:10 AM","Balcony","BAL317","8","2","115.37"
"11-02-23 / 06:10 AM","Balcony","BAL321","7","3","118.54"
"11-02-23 / 06:10 AM","Balcony","BAL320","7","2","95.38"
"11-02-23 / 06:10 AM","Balcony","BAL303","9","2","109.38"
"11-02-23 / 06:10 AM","Loge","LOGE9","16","3","126.32"
"11-02-23 / 06:10 AM","Loge","LOGE18","2","2","141.81"
"11-02-23 / 06:10 AM","Loge","LOGE5","10","2","181.3"
"11-02-23 / 06:10 AM","Loge","LOGE7","E","2","210.7"
"11-02-23 / 06:10 AM","Loge","LOGE10","C","2","227.95"
"11-02-23 / 06:10 AM","Balcony","BAL315","14","2","79.7"
"11-02-23 / 06:10 AM","Balcony","BAL318","11","4","71.72"
"11-02-23 / 06:10 AM","Loge","LOGE6","6","3","141.62"
"11-02-23 / 06:10 AM","Balcony","BAL326","11","2","64.02"
"11-02-23 / 06:10 AM","Balcony","BAL326","7","6","66.93"
"11-02-23 / 06:10 AM","Loge","LOGE10","A","2","274.8"
"11-02-23 / 06:10 AM","Loge","LOGE19","20","2","135.8"
"11-02-23 / 06:10 AM","Loge","LOGE6","17","2","106.7"
"11-02-23 / 06:10 AM","Loge","LOGE16","20","2","123.19"
"11-02-23 / 06:10 AM","Loge","LOGE17","C","2","289.1"
"11-02-23 / 06:10 AM","Balcony","BAL315","9","4","87.25"
"11-01-23 / 09:10 PM","Balcony","BAL309","14","6","53.81"
"11-01-23 / 09:10 PM","Loge","LOGE8","23","2","159.33"
"11-01-23 / 09:10 PM","Loge","LOGE19","22","2","163.33"
"11-01-23 / 09:10 PM","Balcony","BAL305","2","2","86.33"
"11-01-23 / 09:10 PM","Balcony","BAL305","8","3","50.42"
"11-01-23 / 09:10 PM","Loge","LOGE19","26","4","222.25"
"11-01-23 / 09:10 PM","Balcony","BAL319","14","4","65.96"
"11-01-23 / 09:10 PM","Loge","LOGE6","5","2","188.16"
"11-01-23 / 09:10 PM","Balcony","BAL312","6","3","58.61"
"11-01-23 / 09:10 PM","Loge","LOGE4","23","2","225.4"
"11-01-23 / 01:35 PM","Balcony","BAL303","12","2","81.48"
"11-01-23 / 01:35 PM","Loge","LOGE18","18","3","226.45"
"11-01-23 / 01:35 PM","Loge","LOGE7","12","2","175.32"
"11-01-23 / 01:35 PM","Balcony","BAL306","14","2","55.29"
"11-01-23 / 01:35 PM","Loge","LOGE7","3","2","165.33"
"11-01-23 / 01:35 PM","Loge","LOGE4","24","1","134.78"
"11-01-23 / 01:35 PM","Balcony","BAL323","2","4","130.34"
"11-01-23 / 01:35 PM","Loge","LOGE18","16","2","235.2"
"11-01-23 / 01:35 PM","Loge","LOGE17","19","5","124.16"
"11-01-23 / 01:35 PM","Loge","LOGE17","9","5","135.8"
"11-01-23 / 01:35 PM","Loge","LOGE17","15","2","188.16"
"11-01-23 / 01:35 PM","Loge","LOGE16","22","2","229.32"
"11-01-23 / 01:35 PM","Loge","LOGE10","9","4","227.95"
"11-01-23 / 06:23 AM","Balcony","BAL315","10","2","93.12"
"10-31-23 / 02:54 PM","Loge","LOGE18","8","2","113.38"
"10-31-23 / 02:54 PM","Loge","LOGE19","13","3","188.48"
"10-31-23 / 02:54 PM","Loge","LOGE4","12","2","206.78"
"10-31-23 / 02:54 PM","Balcony","BAL303","10","2","67.5"
"10-31-23 / 02:54 PM","Loge","LOGE15","18","2","173.46"
"10-31-23 / 02:54 PM","Loge","LOGE19","25","2","225.4"
"10-31-23 / 07:59 AM","Balcony","BAL304","9","1","71.1"
"10-31-23 / 07:59 AM","Balcony","BAL312","13","2","48.22"
"10-31-23 / 07:59 AM","Balcony","BAL311","6","2","68.87"
"10-31-23 / 07:59 AM","Balcony","BAL315","15","2","119.37"
"10-31-23 / 07:59 AM","Balcony","BAL323","2","2","130.34"
"10-31-23 / 07:59 AM","Loge","LOGE10","13","2","254.8"
"10-31-23 / 07:59 AM","Balcony","BAL307","8","5","61.11"
"10-31-23 / 07:59 AM","Balcony","BAL305","12","3","55.44"
"10-31-23 / 07:59 AM","Loge","LOGE7","11","4","106.96"
"10-30-23 / 11:45 PM","Loge","LOGE3","11","2","231.83"
"10-30-23 / 11:45 PM","Balcony","BAL315","5","2","92.46"
"10-30-23 / 11:45 PM","Loge","LOGE4","2","2","233.37"
"10-30-23 / 11:45 PM","Balcony","BAL327","9","2","97.38"
"10-30-23 / 11:45 PM","Balcony","BAL321","12","4","58.34"
"10-30-23 / 11:45 PM","Balcony","BAL319","11","1","60.53"
"10-30-23 / 11:45 PM","Balcony","BAL328","2","2","90.21"
"10-30-23 / 11:45 PM","Balcony","BAL318","14","1","70.62"
"10-30-23 / 11:45 PM","Loge","LOGE17","F","3","283.64"
"10-30-23 / 11:45 PM","Loge","LOGE18","2","2","166.45"
"10-30-23 / 11:45 PM","Balcony","BAL326","14","4","55.56"
"10-30-23 / 11:45 PM","Balcony","BAL322","14","2","55.37"
"10-30-23 / 11:45 PM","Loge","LOGE6","18","7","140.65"
"10-30-23 / 11:45 PM","Balcony","BAL330","1","2","135"
"10-30-23 / 11:45 PM","Balcony","BAL303","10","4","71.94"
"10-30-23 / 11:45 PM","Loge","LOGE8","21","5","126.1"
"10-30-23 / 11:45 PM","Balcony","BAL321","2","2","86.33"
"10-30-23 / 04:30 PM","Loge","LOGE8","23","2","159.33"
"10-30-23 / 04:30 PM","Balcony","BAL326","7","2","118.13"
"10-30-23 / 04:30 PM","Loge","LOGE9","24","2","163.33"
"10-30-23 / 04:30 PM","Loge","LOGE3","7","2","286.16"
"10-30-23 / 04:30 PM","Balcony","BAL304","13","2","47.64"
"10-30-23 / 04:30 PM","Balcony","BAL302","5","2","90"
"10-30-23 / 04:30 PM","Balcony","BAL313","12","4","50.67"
"10-30-23 / 04:30 PM","Balcony","BAL326","2","2","82.45"
"10-30-23 / 10:23 AM","Balcony","BAL321","14","3","118.54"
"10-30-23 / 10:23 AM","Loge","LOGE3","12","2","193.5"
"10-30-23 / 10:23 AM","Loge","LOGE18","10","4","222.25"
"10-30-23 / 02:57 AM","Balcony","BAL315","15","2","119.37"
"10-30-23 / 02:57 AM","Balcony","BAL304","12","3","68.25"
"10-30-23 / 02:57 AM","Balcony","BAL308","9","5","59.28"
"10-30-23 / 02:57 AM","Balcony","BAL304","13","2","51.79"
"10-30-23 / 02:57 AM","Balcony","BAL325","15","4","55.29"
"10-30-23 / 02:57 AM","Loge","LOGE4","8","2","245"
"10-30-23 / 02:57 AM","Balcony","BAL326","7","2","106.2"
"10-30-23 / 02:57 AM","Club","CLB141","F","5","398.59"
"10-30-23 / 02:57 AM","Balcony","BAL323","1","2","91.18"
"10-30-23 / 02:57 AM","Loge","LOGE6","J","1","144.53"
"10-30-23 / 02:57 AM","Balcony","BAL315","8","4","97"
"10-29-23 / 07:17 PM","Loge","LOGE6","12","2","109.8"
"10-29-23 / 07:17 PM","Loge","LOGE2","13","2","254.14"
"10-29-23 / 12:58 PM","Balcony","BAL326","5","3","95.56"
"10-29-23 / 12:58 PM","Loge","LOGE15","23","4","126.1"
"10-29-23 / 12:58 PM","Balcony","BAL302","10","6","94.09"
"10-29-23 / 07:17 AM","Loge","LOGE5","21","2","133.86"
"10-29-23 / 07:17 AM","Loge","LOGE7","3","2","165.33"
"10-29-23 / 07:17 AM","Loge","LOGE7","22","6","124.16"
"10-29-23 / 07:17 AM","Loge","LOGE8","24","2","214.62"
"10-29-23 / 07:17 AM","Balcony","BAL304","15","2","56.26"
"10-29-23 / 12:19 AM","Balcony","BAL301","7","2","129.01"
"10-27-23 / 07:57 PM","Balcony","BAL321","3","2","112.37"
"10-27-23 / 07:57 PM","Balcony","BAL315","15","2","119.37"
"10-27-23 / 07:57 PM","Balcony","BAL327","10","2","101.37"
"10-27-23 / 07:57 PM","Loge","LOGE7","18","3","127.07"
"10-27-23 / 07:57 PM","Loge","LOGE3","9","3","262.16"
"10-27-23 / 07:57 PM","Balcony","BAL311","10","5","65.96"
"10-27-23 / 07:57 PM","Loge","LOGE7","26","2","106.85"
"10-27-23 / 07:57 PM","Loge","LOGE17","15","4","115.48"
"10-27-23 / 07:57 PM","Loge","LOGE17","M","2","224.42"
"10-27-23 / 07:57 PM","Balcony","BAL306","2","2","77.6"
"10-27-23 / 07:57 PM","Loge","LOGE15","23","5","128.04"
"10-27-23 / 07:57 PM","Loge","LOGE3","7","4","248.32"
"10-27-23 / 01:10 PM","Loge","LOGE15","12","2","188.16"
"10-27-23 / 01:10 PM","VIP","11","A","1","1570.31"
"10-27-23 / 01:10 PM","Balcony","BAL313","13","2","51.79"
"10-27-23 / 01:10 PM","Club","CLB139","C","2","235.83"
"10-27-23 / 04:16 AM","Balcony","BAL321","3","2","112.37"
"10-27-23 / 04:16 AM","Balcony","BAL329","11","2","119.37"
"10-27-23 / 04:16 AM","Loge","LOGE17","D","2","231.33"
"10-27-23 / 04:16 AM","Balcony","BAL326","5","3","106.55"
"10-27-23 / 04:16 AM","Balcony","BAL320","15","4","58.2"
"10-27-23 / 04:16 AM","Balcony","BAL313","9","6","72.75"
"10-27-23 / 04:16 AM","Balcony","BAL327","2","4","85.36"
"10-26-23 / 07:10 PM","Balcony","BAL326","3","2","112.37"
"10-26-23 / 07:10 PM","Balcony","BAL321","14","3","118.54"
"10-26-23 / 07:10 PM","Balcony","BAL329","11","2","119.37"
"10-26-23 / 07:10 PM","Balcony","BAL301","10","3","105.73"
"10-26-23 / 07:10 PM","Balcony","BAL318","10","3","64.02"
"10-26-23 / 07:10 PM","Suites","STE650","SRO65","6","227.95"
"10-26-23 / 07:10 PM","Loge","LOGE2","13","2","243.11"
"10-26-23 / 07:10 PM","Loge","LOGE7","25","2","92.7"
"10-26-23 / 07:10 PM","Balcony","BAL329","12","6","76.63"
"10-26-23 / 11:03 AM","Balcony","BAL318","8","2","119.37"
"10-26-23 / 11:03 AM","Balcony","BAL314","6","2","75.66"
"10-26-23 / 11:03 AM","Balcony","BAL305","15","6","65.96"
"10-26-23 / 11:03 AM","Balcony","BAL319","15","2","51.79"
"10-26-23 / 01:40 AM","Balcony","BAL321","3","2","112.37"
"10-26-23 / 01:40 AM","Loge","LOGE5","25","4","181.08"
"10-26-23 / 01:40 AM","Loge","LOGE15","20","2","168.56"
"10-26-23 / 01:40 AM","Loge","LOGE7","19","3","127.07"
"10-26-23 / 01:40 AM","Balcony","BAL305","6","2","60.14"
"10-26-23 / 01:40 AM","Loge","LOGE18","L","3","162.96"
"10-26-23 / 01:40 AM","Club","CLB143","G","2","209"
"10-26-23 / 01:40 AM","Balcony","BAL311","11","5","61.11"
"10-26-23 / 01:40 AM","Club","CLB111","H","3","213.61"
"10-26-23 / 01:40 AM","Loge","LOGE17","16","5","140.65"
"10-26-23 / 01:40 AM","Balcony","BAL301","10","4","105.73"
"10-26-23 / 01:40 AM","Loge","LOGE14","13","3","207.58"
"10-25-23 / 04:48 PM","Balcony","BAL315","15","2","119.37"
"10-25-23 / 04:48 PM","Balcony","BAL321","12","2","57.23"
"10-25-23 / 04:48 PM","Balcony","BAL328","6","2","95.38"
"10-25-23 / 04:48 PM","Balcony","BAL313","12","2","55.11"
"10-25-23 / 04:48 PM","Balcony","BAL319","12","2","51.79"
"10-25-23 / 04:48 PM","Balcony","BAL309","15","3","56.26"
"10-25-23 / 04:48 PM","Balcony","BAL324","8","2","98.43"
"10-25-23 / 04:48 PM","Loge","LOGE6","B","2","230.86"
"10-25-23 / 04:48 PM","Loge","LOGE20","23","2","139.01"
"10-25-23 / 08:29 AM","Balcony","BAL303","6","3","95.06"
"10-25-23 / 08:29 AM","Club","CLB107","J","2","216.51"
"10-25-23 / 08:29 AM","Balcony","BAL321","14","3","118.54"
"10-25-23 / 08:29 AM","Balcony","BAL318","8","2","119.37"
"10-25-23 / 08:29 AM","Balcony","BAL326","8","4","129.13"
"10-25-23 / 08:29 AM","Loge","LOGE17","L","2","147.44"
"10-25-23 / 08:29 AM","Balcony","BAL324","13","3","55.29"
"10-25-23 / 08:29 AM","Loge","LOGE6","9","4","127.19"
"10-25-23 / 08:29 AM","Balcony","BAL313","12","4","55.11"
"10-25-23 / 08:29 AM","Loge","LOGE7","13","2","122.22"
"10-24-23 / 11:00 PM","Balcony","BAL326","14","2","48.22"
"10-24-23 / 11:00 PM","Loge","LOGE5","8","2","164.33"
"10-24-23 / 11:00 PM","Loge","LOGE3","13","5","211.19"
"10-24-23 / 11:00 PM","Loge","LOGE4","10","2","195.02"
"10-24-23 / 11:00 PM","Balcony","BAL320","12","2","52.2"
"10-24-23 / 11:00 PM","Loge","LOGE15","21","4","133.95"
"10-24-23 / 11:00 PM","Club","CLB115","C","4","318.08"
"10-24-23 / 11:00 PM","Loge","LOGE17","3","2","233.24"
"10-24-23 / 11:00 PM","Loge","LOGE15","12","2","188.16"
"10-24-23 / 11:00 PM","Balcony","BAL309","1","2","91.18"
"10-24-23 / 02:44 PM","Balcony","BAL318","8","2","119.37"
"10-24-23 / 02:44 PM","Loge","LOGE9","24","2","171.32"
"10-24-23 / 02:44 PM","Balcony","BAL321","3","2","112.37"
"10-24-23 / 02:43 PM","Loge","LOGE18","F","2","189.52"
"10-24-23 / 02:43 PM","Balcony","BAL309","15","2","52.38"
"10-24-23 / 02:43 PM","Balcony","BAL326","14","4","53.58"
"10-24-23 / 02:43 PM","Club","CLB145","B","2","210.73"
"10-24-23 / 02:43 PM","Balcony","BAL315","6","3","108.64"
"10-24-23 / 02:43 PM","Balcony","BAL302","9","2","81.48"
"10-24-23 / 07:19 AM","Loge","LOGE6","J","5","160.05"
"10-24-23 / 07:19 AM","Balcony","BAL321","3","2","112.37"
"10-24-23 / 07:19 AM","Balcony","BAL321","14","3","118.54"
"10-24-23 / 07:19 AM","Balcony","BAL330","8","2","131.36"
"10-24-23 / 07:19 AM","Balcony","BAL329","13","2","62.08"
"10-24-23 / 07:19 AM","Loge","LOGE16","26","2","128.38"
"10-24-23 / 07:19 AM","Loge","LOGE15","9","2","238.14"
"10-24-23 / 07:19 AM","Balcony","BAL306","8","2","68.87"
"10-23-23 / 11:20 PM","Balcony","BAL329","5","4","97.97"
"10-23-23 / 11:20 PM","Loge","LOGE17","D","2","245"
"10-23-23 / 11:20 PM","Balcony","BAL317","6","2","102.82"
"10-23-23 / 11:20 PM","Loge","LOGE18","16","2","235.2"
"10-23-23 / 11:20 PM","Loge","LOGE7","24","2","108.64"
"10-23-23 / 11:20 PM","Balcony","BAL305","14","4","62.62"
"10-23-23 / 11:20 PM","Loge","LOGE18","10","2","215.6"
"10-23-23 / 11:20 PM","Balcony","BAL321","10","6","82.45"
"10-23-23 / 11:20 PM","Loge","LOGE18","5","4","167.81"
"10-23-23 / 11:20 PM","Balcony","BAL303","11","6","89.24"
"10-23-23 / 03:34 PM","Loge","LOGE8","12","3","200.47"
"10-23-23 / 03:34 PM","Balcony","BAL326","3","2","112.37"
"10-23-23 / 03:34 PM","Balcony","BAL317","12","2","126.36"
"10-23-23 / 03:34 PM","Loge","LOGE19","13","3","203.47"
"10-23-23 / 03:34 PM","Balcony","BAL321","14","3","118.54"
"10-23-23 / 03:34 PM","Loge","LOGE19","14","2","208.74"
"10-23-23 / 08:53 AM","Balcony","BAL318","8","2","119.37"
"10-23-23 / 08:53 AM","Loge","LOGE9","17","2","250.88"
"10-23-23 / 08:53 AM","Loge","LOGE8","19","2","213.64"
"10-23-23 / 12:33 AM","Balcony","BAL305","6","2","69.84"
"10-22-23 / 04:27 PM","Loge","LOGE8","22","2","176.32"
"10-22-23 / 04:27 PM","Loge","LOGE3","25","2","205.29"
"10-22-23 / 04:27 PM","Balcony","BAL306","4","2","141.12"
"10-22-23 / 04:27 PM","Loge","LOGE9","22","2","184.31"
"10-22-23 / 04:27 PM","Loge","LOGE15","12","2","190.3"
"10-22-23 / 04:27 PM","Loge","LOGE20","5","2","241.53"
"10-22-23 / 09:15 AM","Balcony","BAL319","12","4","53.58"
"10-22-23 / 09:15 AM","VIP","21","A","4","1735.82"
"10-22-23 / 09:15 AM","Balcony","BAL304","10","3","64.01"
"10-22-23 / 09:15 AM","Club","CLB111","F","2","233.17"
"10-22-23 / 01:12 AM","Loge","LOGE6","22","2","142.35"
"10-22-23 / 01:12 AM","Loge","LOGE4","10","4","187.07"
"10-22-23 / 01:12 AM","Loge","LOGE7","1","2","247.94"
"10-22-23 / 01:12 AM","Loge","LOGE7","8","3","136.77"
"10-21-23 / 04:50 PM","Balcony","BAL304","5","2","122.5"
"10-21-23 / 04:50 PM","Balcony","BAL309","10","2","97.38"
"10-21-23 / 04:50 PM","Loge","LOGE3","21","4","250.32"
"10-21-23 / 09:24 AM","Balcony","BAL316","7","3","129.01"
"10-21-23 / 12:43 AM","Balcony","BAL310","9","2","119.37"
"10-21-23 / 12:43 AM","Balcony","BAL319","11","1","60.53"
"10-21-23 / 12:43 AM","Loge","LOGE19","16","2","213.64"
"10-21-23 / 12:43 AM","Loge","LOGE6","22","2","163.33"
"10-21-23 / 12:43 AM","Balcony","BAL328","8","4","67.9"
"10-21-23 / 12:43 AM","Loge","LOGE6","26","2","112.52"
"10-20-23 / 03:53 PM","Club","CLB137","G","3","212.43"
"10-20-23 / 03:53 PM","Balcony","BAL309","10","2","97.38"
"10-20-23 / 03:53 PM","Loge","LOGE7","D","2","205.8"
"10-20-23 / 03:53 PM","Balcony","BAL316","8","2","131.36"
"10-20-23 / 03:53 PM","Loge","LOGE17","9","2","173.46"
"10-20-23 / 03:53 PM","Balcony","BAL321","12","3","58.2"
"10-20-23 / 03:53 PM","Balcony","BAL316","13","2","88.96"
"10-20-23 / 07:57 AM","Balcony","BAL313","7","2","60.72"
"10-20-23 / 07:57 AM","Balcony","BAL309","11","5","98.43"
"10-20-23 / 07:57 AM","Loge","LOGE8","12","4","223.44"
"10-20-23 / 07:57 AM","Suites","STE649","SRO64","6","208.55"
"10-20-23 / 07:57 AM","Loge","LOGE17","D","4","170.72"
"10-19-23 / 10:56 PM","Balcony","BAL310","9","2","119.37"
"10-19-23 / 10:55 PM","Balcony","BAL315","5","2","95.34"
"10-19-23 / 10:55 PM","Loge","LOGE4","8","3","238.69"
"10-19-23 / 10:55 PM","Balcony","BAL320","10","2","66.93"
"10-19-23 / 10:55 PM","Club","CLB141","G","2","223.75"
"10-19-23 / 10:55 PM","Loge","LOGE11","11","2","237.65"
"10-19-23 / 02:12 PM","Balcony","BAL302","9","4","129.13"
"10-19-23 / 02:12 PM","Balcony","BAL308","9","2","97.38"
"10-19-23 / 02:12 PM","Loge","LOGE9","24","2","184.31"
"10-19-23 / 02:12 PM","Balcony","BAL330","8","4","104.76"
"10-19-23 / 02:12 PM","Balcony","BAL317","15","4","80.51"
"10-19-23 / 02:12 PM","Loge","LOGE7","27","4","96.77"
"10-19-23 / 02:12 PM","Balcony","BAL315","5","3","95.34"
"10-19-23 / 04:40 AM","Balcony","BAL312","13","2","82.22"
"10-19-23 / 04:40 AM","Loge","LOGE18","26","3","240.1"
"10-19-23 / 04:40 AM","Balcony","BAL308","9","2","97.38"
"10-19-23 / 04:40 AM","Balcony","BAL307","5","2","66.41"
"10-19-23 / 04:40 AM","Balcony","BAL311","8","2","80.01"
"10-19-23 / 04:40 AM","Loge","LOGE17","K","2","150.35"
"10-19-23 / 04:40 AM","Club","CLB143","E","4","190.24"
"10-19-23 / 04:40 AM","Loge","LOGE19","26","3","133.86"
"10-19-23 / 04:40 AM","Balcony","BAL326","12","3","59.17"
"10-19-23 / 04:40 AM","Loge","LOGE8","26","2","204.82"
"10-19-23 / 04:40 AM","Balcony","BAL317","3","3","120.28"
"10-18-23 / 07:13 PM","Loge","LOGE4","8","3","238.69"
"10-18-23 / 07:13 PM","Loge","LOGE4","15","2","198.94"
"10-18-23 / 07:13 PM","Balcony","BAL326","5","3","118.54"
"10-18-23 / 07:13 PM","Loge","LOGE19","16","2","213.64"
"10-18-23 / 11:07 AM","Loge","LOGE7","26","3","104.32"
"10-17-23 / 05:33 PM","Balcony","BAL307","7","2","119.37"
"10-17-23 / 05:33 PM","Balcony","BAL319","5","2","114.37"
"10-17-23 / 05:33 PM","Balcony","BAL311","10","5","68.87"
"10-17-23 / 05:33 PM","Balcony","BAL324","13","2","60.14"
"10-17-23 / 05:33 PM","Loge","LOGE10","10","4","291.73"
"10-17-23 / 05:32 PM","Balcony","BAL307","14","5","64.99"
"10-17-23 / 05:32 PM","Loge","LOGE5","6","3","163.93"
"10-17-23 / 09:51 AM","Balcony","BAL314","15","1","77.6"
"10-17-23 / 09:51 AM","Balcony","BAL307","7","2","119.37"
"10-17-23 / 09:51 AM","Loge","LOGE6","F","2","210.29"
"10-17-23 / 09:51 AM","Loge","LOGE11","12","2","227.95"
"10-17-23 / 09:51 AM","Loge","LOGE7","22","4","204.82"
"10-17-23 / 09:51 AM","Balcony","BAL327","9","2","99.51"
"10-17-23 / 12:51 AM","Loge","LOGE18","6","1","146.47"
"10-17-23 / 12:51 AM","Loge","LOGE18","E","2","216.28"
"10-17-23 / 12:51 AM","Loge","LOGE4","10","4","195.02"
"10-17-23 / 12:51 AM","Loge","LOGE6","26","2","208.74"
"10-17-23 / 12:51 AM","Loge","LOGE6","F","2","210.29"
"10-17-23 / 12:51 AM","Balcony","BAL302","4","5","127.07"
"10-16-23 / 04:24 PM","Balcony","BAL325","14","3","62.08"
"10-16-23 / 04:24 PM","Loge","LOGE4","15","2","198.94"
"10-16-23 / 04:24 PM","Balcony","BAL326","15","4","61.11"
"10-16-23 / 04:24 PM","Loge","LOGE7","D","3","270.48"
"10-16-23 / 04:24 PM","Balcony","BAL325","10","2","87.3"
"10-16-23 / 04:24 PM","Balcony","BAL314","11","4","75.92"
"10-16-23 / 04:24 PM","Balcony","BAL306","15","4","77.6"
"10-16-23 / 04:24 PM","Loge","LOGE4","8","2","247.94"
"10-16-23 / 09:06 AM","Balcony","BAL316","15","2","126.36"
"10-16-23 / 01:01 AM","Balcony","BAL328","2","2","90.21"
"10-15-23 / 05:00 PM","Balcony","BAL317","6","1","102.82"
"10-15-23 / 08:55 AM","Club","CLB113","E","2","172.6"
"10-15-23 / 12:18 AM","Loge","LOGE6","6","4","143.56"
"10-15-23 / 12:18 AM","Balcony","BAL323","7","2","114.37"
"10-15-23 / 12:18 AM","Balcony","BAL315","2","3","125.44"
"10-15-23 / 12:18 AM","Loge","LOGE7","11","2","112.5"
"10-14-23 / 03:38 PM","Loge","LOGE15","12","2","190.3"
"10-14-23 / 03:38 PM","Balcony","BAL319","15","4","66.08"
"10-14-23 / 03:38 PM","Balcony","BAL305","10","2","97.38"
"10-14-23 / 03:38 PM","Club","CLB113","F","2","164.57"
"10-13-23 / 01:38 PM","Balcony","BAL314","15","2","120.37"
"10-13-23 / 01:38 PM","Loge","LOGE7","18","4","129.01"
"10-13-23 / 01:38 PM","Loge","LOGE9","24","2","184.31"
"10-13-23 / 01:38 PM","Club","CLB139","E","4","180.63"
"10-13-23 / 01:38 PM","Club","CLB143","B","2","179.66"
"10-13-23 / 01:38 PM","Balcony","BAL327","9","2","60.14"
"10-13-23 / 01:38 PM","Loge","LOGE3","22","2","178.5"
"10-13-23 / 05:02 AM","Balcony","BAL310","13","1","66.93"
"10-12-23 / 07:55 PM","Balcony","BAL308","11","2","56.26"
"10-12-23 / 07:55 PM","Balcony","BAL307","7","2","119.37"
"10-12-23 / 07:54 PM","Balcony","BAL315","11","2","76.27"
"10-12-23 / 07:54 PM","Loge","LOGE5","26","4","169.75"
"10-12-23 / 11:37 AM","Balcony","BAL314","15","2","120.37"
"10-12-23 / 11:37 AM","Loge","LOGE17","4","7","144.53"
"10-12-23 / 11:37 AM","Loge","LOGE14","8","4","302.82"
"10-12-23 / 11:37 AM","Balcony","BAL318","10","4","73.72"
"10-12-23 / 03:14 AM","Balcony","BAL325","12","1","66.93"
"10-12-23 / 03:14 AM","Balcony","BAL307","7","2","119.37"
"10-12-23 / 03:14 AM","Balcony","BAL302","13","3","90.21"
"10-12-23 / 03:14 AM","Loge","LOGE19","25","2","241.08"
"10-11-23 / 10:33 AM","Loge","LOGE9","22","2","184.31"
"10-11-23 / 10:33 AM","Balcony","BAL325","9","2","57.23"
"10-11-23 / 10:33 AM","Loge","LOGE3","7","3","242.5"
"10-11-23 / 10:33 AM","Balcony","BAL322","11","4","73.94"
"10-11-23 / 10:33 AM","Loge","LOGE7","13","5","133.86"
"10-10-23 / 05:27 PM","Balcony","BAL324","2","2","134.26"
"10-10-23 / 05:27 PM","Club","CLB109","D","4","182.92"
"10-10-23 / 10:04 AM","Balcony","BAL304","10","4","58.5"
"10-10-23 / 10:04 AM","Balcony","BAL307","7","2","119.37"
"10-09-23 / 06:03 PM","Loge","LOGE8","22","2","176.32"
"10-09-23 / 06:03 PM","Loge","LOGE4","15","2","220.5"
"10-09-23 / 06:03 PM","Balcony","BAL327","11","2","56.26"
"10-09-23 / 06:03 PM","Loge","LOGE8","18","3","152.21"
"10-09-23 / 06:03 PM","Loge","LOGE19","24","2","261.66"
"10-09-23 / 11:24 AM","Balcony","BAL318","14","2","72.75"
"10-09-23 / 04:17 AM","Loge","LOGE9","24","2","184.31"
"10-09-23 / 04:17 AM","Loge","LOGE7","23","7","125.13"
"10-09-23 / 04:17 AM","Loge","LOGE10","C","2","289.98"
"10-09-23 / 04:17 AM","Loge","LOGE10","22","4","166.84"
"10-09-23 / 04:17 AM","Loge","LOGE13","12","2","262.87"
"10-08-23 / 08:23 PM","Balcony","BAL330","7","1","101.85"
"10-08-23 / 08:23 PM","Balcony","BAL303","4","2","135.24"
"10-08-23 / 08:23 PM","Balcony","BAL317","12","2","126.36"
"10-08-23 / 08:23 PM","Loge","LOGE18","H","2","272.44"
"10-08-23 / 08:23 PM","Loge","LOGE7","D","3","289.1"
"10-08-23 / 08:23 PM","Loge","LOGE8","22","2","165.33"
"10-08-23 / 08:23 PM","Balcony","BAL317","5","5","111.55"
"10-08-23 / 01:04 PM","Loge","LOGE16","22","2","133.86"
"10-08-23 / 01:04 PM","Loge","LOGE18","11","4","132.89"
"10-08-23 / 04:58 AM","Loge","LOGE15","12","2","190.3"
"10-08-23 / 04:58 AM","Balcony","BAL321","15","2","53.95"
"10-08-23 / 04:58 AM","Balcony","BAL325","15","2","52.38"
"10-08-23 / 04:58 AM","Loge","LOGE13","13","2","231.83"
"10-08-23 / 04:58 AM","Balcony","BAL314","12","4","67.9"
"10-08-23 / 04:58 AM","Balcony","BAL305","3","2","140.14"
"10-08-23 / 04:58 AM","Loge","LOGE9","24","2","184.31"
"10-07-23 / 08:16 PM","Balcony","BAL316","15","2","126.36"
"10-07-23 / 08:16 PM","Balcony","BAL302","12","2","81.48"
"10-07-23 / 08:16 PM","Loge","LOGE21","17","2","236.68"
"10-07-23 / 04:16 AM","VIP","11","B","2","818.3"
"10-07-23 / 04:16 AM","Balcony","BAL324","7","2","88.4"
"10-07-23 / 04:16 AM","Balcony","BAL306","4","2","141.12"
"10-07-23 / 04:16 AM","VIP","12","C","4","1058.4"
"10-07-23 / 04:16 AM","Balcony","BAL303","8","4","96.03"
"10-07-23 / 04:16 AM","Loge","LOGE11","16","2","225.79"
"10-06-23 / 06:58 PM","Loge","LOGE4","15","2","227.36"
"10-06-23 / 06:58 PM","Balcony","BAL307","2","2","137.35"
"10-06-23 / 06:58 PM","Loge","LOGE3","9","3","247.35"
"10-06-23 / 06:58 PM","VIP","13","C","2","734.94"
"10-06-23 / 06:58 PM","Club","CLB141","G","2","212.23"
"10-06-23 / 06:58 PM","Loge","LOGE8","26","2","197.94"
"10-06-23 / 06:58 PM","Loge","LOGE11","11","2","237.65"
"10-06-23 / 06:58 PM","Balcony","BAL325","5","4","74.15"
"10-06-23 / 02:49 AM","Club","CLB137","E","2","253.89"
"10-06-23 / 02:49 AM","Loge","LOGE15","23","2","273.42"
"10-06-23 / 02:49 AM","Loge","LOGE6","5","2","221.48"
"10-05-23 / 06:11 PM","Balcony","BAL329","1","4","140.14"
"10-05-23 / 06:11 PM","Loge","LOGE3","14","2","289.1"
"10-05-23 / 06:11 PM","Loge","LOGE20","21","2","169.75"
"10-05-23 / 06:11 PM","Loge","LOGE13","13","2","231.83"
"10-05-23 / 06:11 PM","Loge","LOGE6","4","2","241.08"
"10-05-23 / 09:30 AM","Balcony","BAL301","14","2","116.4"
"10-05-23 / 09:30 AM","Balcony","BAL325","15","2","52.38"
"10-05-23 / 09:30 AM","Balcony","BAL305","10","2","97.38"
"10-05-23 / 09:30 AM","Loge","LOGE6","F","2","135.45"
"10-05-23 / 09:30 AM","Club","CLB109","G","2","160.56"
"10-04-23 / 03:01 PM","Club","CLB143","G","2","209"
"10-04-23 / 03:01 PM","Loge","LOGE18","19","3","208.74"
"10-04-23 / 03:01 PM","Balcony","BAL325","7","2","120.18"
"10-04-23 / 03:01 PM","Loge","LOGE6","L","4","221.48"
"10-04-23 / 03:01 PM","Balcony","BAL330","5","4","128.04"
"10-04-23 / 03:01 PM","VIP","12","A","2","1017.53"
"10-04-23 / 06:36 AM","Loge","LOGE8","19","2","138.71"
"10-04-23 / 06:36 AM","Loge","LOGE14","9","2","291.73"
"10-04-23 / 06:36 AM","Loge","LOGE18","6","2","175.42"
"10-04-23 / 06:36 AM","Balcony","BAL314","14","2","63.05"
"10-04-23 / 06:36 AM","Loge","LOGE15","26","7","143.56"
"10-03-23 / 10:08 PM","Balcony","BAL303","9","2","126.36"
"10-03-23 / 10:08 PM","Loge","LOGE16","22","2","239.12"
"10-03-23 / 10:08 PM","Loge","LOGE19","15","2","229.32"
"10-03-23 / 10:08 PM","Balcony","BAL328","9","2","55.6"
"10-03-23 / 10:08 PM","Loge","LOGE6","24","2","112.52"
"10-03-23 / 10:08 PM","Balcony","BAL315","14","4","85.16"
"10-03-23 / 10:08 PM","Balcony","BAL315","9","3","78.18"
"10-03-23 / 10:08 PM","Balcony","BAL320","12","4","58.58"
"10-03-23 / 10:08 PM","Balcony","BAL312","6","3","75.15"
"10-03-23 / 10:08 PM","Balcony","BAL322","14","4","63.05"
"10-03-23 / 10:08 PM","Balcony","BAL322","13","7","76.63"
"10-03-23 / 10:08 PM","Loge","LOGE16","25","2","233.24"
"10-03-23 / 10:08 PM","Loge","LOGE18","18","2","118.34"
"10-03-23 / 10:08 PM","Balcony","BAL316","12","2","93.63"
"10-03-23 / 10:08 PM","Balcony","BAL316","11","2","103.72"
"10-03-23 / 01:58 PM","Balcony","BAL317","15","2","72.11"
"10-03-23 / 01:58 PM","Loge","LOGE4","12","3","236.18"
"10-03-23 / 01:58 PM","Loge","LOGE10","5","4","231.83"
"10-03-23 / 05:57 AM","Loge","LOGE21","17","1","235.71"
"10-03-23 / 05:57 AM","Balcony","BAL303","9","2","126.36"
"10-03-23 / 05:57 AM","Loge","LOGE15","12","2","190.3"
"10-03-23 / 05:57 AM","Loge","LOGE19","18","2","240.1"
"10-03-23 / 05:57 AM","Balcony","BAL302","8","2","87.31"
"10-03-23 / 05:57 AM","Balcony","BAL305","14","2","55.29"
"10-02-23 / 01:30 PM","Balcony","BAL325","5","4","97"
"10-02-23 / 01:30 PM","Balcony","BAL304","10","3","72.98"
"10-02-23 / 01:30 PM","Balcony","BAL307","2","2","137.35"
"10-02-23 / 01:30 PM","Club","CLB139","E","2","164.57"
"10-02-23 / 01:30 PM","Club","CLB113","E","2","172.6"
"10-02-23 / 06:35 AM","Balcony","BAL303","9","2","126.36"
"10-02-23 / 06:35 AM","Balcony","BAL310","7","2","122.27"
"10-02-23 / 06:35 AM","Loge","LOGE4","15","2","245.98"
"10-02-23 / 06:34 AM","Loge","LOGE18","J","4","289.1"
"10-01-23 / 02:58 PM","Balcony","BAL304","7","2","78.57"
"10-01-23 / 02:58 PM","Loge","LOGE10","14","2","290.08"
"10-01-23 / 07:50 AM","Balcony","BAL322","9","4","68.87"
"10-01-23 / 07:50 AM","Balcony","BAL313","9","2","55.6"
"10-01-23 / 07:50 AM","Loge","LOGE10","13","2","273.42"
"10-01-23 / 07:50 AM","Balcony","BAL307","8","3","70.81"
"10-01-23 / 07:50 AM","Balcony","BAL325","15","2","52.38"
"10-01-23 / 07:50 AM","Balcony","BAL328","15","2","50.9"
"10-01-23 / 07:50 AM","Balcony","BAL324","1","3","89.24"
"09-30-23 / 11:35 PM","Balcony","BAL316","14","2","126.36"
"09-30-23 / 11:35 PM","Loge","LOGE18","16","2","235.2"
"09-30-23 / 11:35 PM","Loge","LOGE7","25","2","112.5"
"09-30-23 / 11:35 PM","Balcony","BAL305","14","2","55.29"
"09-30-23 / 03:27 PM","Balcony","BAL318","14","4","75.66"
"09-30-23 / 07:15 AM","Club","CLB115","D","2","180"
"09-29-23 / 10:31 PM","Balcony","BAL312","9","2","94.38"
"09-29-23 / 10:31 PM","Loge","LOGE11","11","2","237.65"
"09-29-23 / 10:31 PM","Loge","LOGE3","9","3","278.49"
"09-29-23 / 10:31 PM","Balcony","BAL314","12","2","78.57"
"09-29-23 / 10:31 PM","Balcony","BAL325","9","5","76.63"
"09-29-23 / 10:31 PM","Loge","LOGE17","18","2","206.78"
"09-29-23 / 10:31 PM","Loge","LOGE13","13","2","235.06"
"09-29-23 / 10:31 PM","Loge","LOGE16","24","2","121.16"
"09-29-23 / 10:31 PM","Loge","LOGE6","K","2","233.24"
"09-29-23 / 02:16 PM","Balcony","BAL309","9","4","56.56"
"09-29-23 / 02:16 PM","Loge","LOGE6","21","2","173.63"
"09-29-23 / 02:16 PM","Loge","LOGE8","19","2","189.15"
"09-29-23 / 06:27 AM","Balcony","BAL303","9","2","126.36"
"09-29-23 / 06:27 AM","Balcony","BAL317","10","4","80.28"
"09-29-23 / 06:27 AM","Loge","LOGE7","26","2","115.67"
"09-29-23 / 06:26 AM","Loge","LOGE7","F","2","221.48"
"09-28-23 / 09:38 PM","Balcony","BAL312","9","2","55.6"
"09-28-23 / 09:38 PM","Balcony","BAL315","9","4","82.81"
"09-28-23 / 09:38 PM","Balcony","BAL309","2","2","140.14"
"09-28-23 / 09:38 PM","Loge","LOGE6","17","4","115.43"
"09-28-23 / 01:47 PM","Balcony","BAL328","5","5","97"
"09-27-23 / 08:36 PM","Loge","LOGE8","18","3","150.19"
"09-27-23 / 08:36 PM","Loge","LOGE10","21","2","136.53"
"09-27-23 / 04:34 AM","Balcony","BAL303","9","2","126.36"
"09-27-23 / 04:34 AM","Loge","LOGE21","15","2","190.08"
"09-27-23 / 04:34 AM","Balcony","BAL305","13","2","56.26"
"09-27-23 / 04:34 AM","Loge","LOGE18","10","2","218.54"
"09-27-23 / 04:34 AM","Loge","LOGE15","20","2","179.31"
"09-27-23 / 04:34 AM","Balcony","BAL321","15","2","49.41"
"09-27-23 / 04:34 AM","Loge","LOGE8","25","2","125.13"
"09-26-23 / 11:40 AM","VIP","21","B","2","1935.87"
"09-26-23 / 03:39 AM","Loge","LOGE10","10","4","299.94"
"09-26-23 / 03:39 AM","Loge","LOGE7","6","2","195.21"
"09-25-23 / 12:31 PM","Balcony","BAL304","10","1","64.25"
"09-25-23 / 12:31 PM","Loge","LOGE18","C","2","174.01"
"09-25-23 / 04:51 AM","Balcony","BAL323","7","2","114.37"
"09-25-23 / 04:51 AM","Balcony","BAL322","15","2","124.36"
"09-25-23 / 04:51 AM","Loge","LOGE10","12","3","172.14"
"09-25-23 / 04:51 AM","Loge","LOGE10","13","2","273.42"
"09-24-23 / 08:14 PM","Loge","LOGE7","14","2","117.14"
"09-24-23 / 05:01 AM","Balcony","BAL303","9","2","126.36"
"09-24-23 / 05:01 AM","Loge","LOGE7","25","2","112.5"
"09-24-23 / 05:01 AM","Loge","LOGE6","7","4","188.16"
"09-23-23 / 08:37 PM","Balcony","BAL326","11","4","56.9"
"09-23-23 / 08:37 PM","Balcony","BAL329","8","4","128.13"
"09-23-23 / 04:50 AM","Loge","LOGE8","22","2","165.33"
"09-23-23 / 04:50 AM","Balcony","BAL310","10","4","80.51"
"09-23-23 / 04:50 AM","Balcony","BAL303","3","2","142.35"
"09-23-23 / 04:50 AM","Loge","LOGE3","24","2","156.55"
"09-22-23 / 07:31 PM","Loge","LOGE11","11","2","237.65"
"09-22-23 / 07:31 PM","Loge","LOGE3","9","3","266"
"09-22-23 / 07:31 PM","Loge","LOGE20","9","2","294.98"
"09-22-23 / 07:31 PM","Balcony","BAL309","15","3","78.57"
"09-22-23 / 07:31 PM","Club","CLB141","G","2","217.03"
"09-22-23 / 07:31 PM","Balcony","BAL317","13","7","130.95"
"09-22-23 / 11:45 AM","Balcony","BAL311","9","3","59.21"
"09-22-23 / 03:06 AM","Loge","LOGE18","7","2","200.17"
"09-22-23 / 03:06 AM","Balcony","BAL306","7","2","106.2"
"09-22-23 / 03:06 AM","Club","CLB113","H","2","166.5"
"09-21-23 / 06:21 PM","Loge","LOGE17","F","4","225.73"
"09-21-23 / 06:21 PM","Loge","LOGE6","6","2","174.77"
"09-21-23 / 06:21 PM","Loge","LOGE6","D","2","189.15"
"09-21-23 / 02:05 AM","Loge","LOGE6","G","2","251.44"
"09-20-23 / 08:14 PM","Club","CLB145","A","2","200.7"
"09-20-23 / 08:14 PM","Club","CLB145","F","3","249.82"
"09-20-23 / 08:14 PM","Club","CLB113","F","4","185.65"
"09-20-23 / 08:14 PM","Club","CLB115","J","4","212.59"
"09-20-23 / 12:12 PM","Balcony","BAL318","9","2","72"
"09-20-23 / 12:12 PM","Loge","LOGE10","25","4","144.92"
"09-19-23 / 08:11 PM","Loge","LOGE18","K","2","209.72"
"09-19-23 / 08:11 PM","Loge","LOGE11","12","2","307.72"
"09-18-23 / 09:19 PM","Loge","LOGE17","13","2","255.78"
"09-17-23 / 04:55 AM","VIP","2","A","3","1461.79"
"09-15-23 / 06:07 PM","Club","CLB141","G","2","217.03"
"09-15-23 / 06:07 PM","Loge","LOGE11","11","2","259.28"
"09-15-23 / 06:07 PM","Loge","LOGE3","9","3","278.49"
"09-15-23 / 06:07 PM","Balcony","BAL318","2","2","146.02"
"09-15-23 / 09:53 AM","Loge","LOGE17","B","4","262.61"
"09-15-23 / 01:05 AM","Loge","LOGE17","K","2","296.94"
"09-15-23 / 01:05 AM","Balcony","BAL324","15","4","98.95"
"09-15-23 / 01:05 AM","Balcony","BAL316","6","2","117"
"09-14-23 / 04:16 PM","Loge","LOGE9","13","3","289.1"
"09-14-23 / 08:18 AM","Loge","LOGE15","12","2","197.96"
"09-13-23 / 11:35 PM","Balcony","BAL325","15","2","52.38"
"09-13-23 / 11:35 PM","Balcony","BAL329","11","2","131.36"
"09-13-23 / 11:35 PM","Loge","LOGE5","11","2","240.1"
"09-13-23 / 11:35 PM","Balcony","BAL307","12","5","64.8"
"09-13-23 / 03:17 PM","Balcony","BAL315","8","3","90.31"
"09-13-23 / 08:07 AM","Loge","LOGE8","22","2","165.33"
"09-13-23 / 08:07 AM","Balcony","BAL316","11","4","119.98"
"09-13-23 / 08:07 AM","Balcony","BAL324","15","2","136.8"
"09-13-23 / 12:14 AM","Balcony","BAL329","11","2","131.36"
"09-13-23 / 12:14 AM","Balcony","BAL326","7","2","91.38"
"09-13-23 / 12:14 AM","Balcony","BAL315","5","2","142.35"
"09-13-23 / 12:14 AM","Loge","LOGE15","24","2","208.74"
"09-12-23 / 04:20 PM","Balcony","BAL329","8","4","135.12"
"09-12-23 / 04:20 PM","Balcony","BAL325","15","2","58.2"
"09-12-23 / 10:01 AM","Balcony","BAL309","15","2","52.38"
"09-12-23 / 10:01 AM","Balcony","BAL318","14","4","72.75"
"09-12-23 / 03:05 AM","Balcony","BAL301","15","2","106.7"
"09-12-23 / 03:05 AM","Balcony","BAL328","12","4","70.81"
"09-12-23 / 03:05 AM","Loge","LOGE18","9","2","123.05"
"09-10-23 / 02:03 PM","Balcony","BAL306","15","2","56.79"
"09-10-23 / 02:03 PM","Balcony","BAL306","6","2","97.38"
"09-10-23 / 02:03 PM","Balcony","BAL318","15","2","131.36"
"09-10-23 / 05:04 AM","Balcony","BAL315","5","2","142.35"
"09-10-23 / 05:04 AM","Floor","FLR18","C","2","1940"
"09-09-23 / 07:29 PM","Balcony","BAL326","7","2","94.38"
"09-09-23 / 07:29 PM","Balcony","BAL313","15","2","53.1"
"09-09-23 / 11:04 AM","Balcony","BAL319","3","2","141.12"
"09-09-23 / 11:04 AM","Balcony","BAL329","11","2","131.36"
"09-08-23 / 04:51 PM","Club","CLB141","H","2","180.63"
"09-08-23 / 04:51 PM","Loge","LOGE17","6","2","172.41"
"09-08-23 / 04:51 PM","Balcony","BAL308","9","2","62.08"
"09-08-23 / 04:51 PM","Loge","LOGE3","5","2","292.51"
"09-08-23 / 08:32 AM","Balcony","BAL314","11","4","69.26"
"09-08-23 / 08:32 AM","Loge","LOGE15","12","2","190.3"
"09-07-23 / 02:36 PM","Club","CLB145","A","2","215.76"
"09-07-23 / 05:54 AM","Loge","LOGE3","21","4","250.32"
"09-07-23 / 05:54 AM","Balcony","BAL321","3","2","106.37"
"09-07-23 / 05:54 AM","Loge","LOGE18","19","2","301.84"
"09-07-23 / 05:54 AM","Balcony","BAL310","5","2","149.94"
"09-07-23 / 05:54 AM","Loge","LOGE15","17","2","179.1"
"09-06-23 / 07:47 PM","Club","CLB113","F","6","210.73"
"09-06-23 / 07:47 PM","Loge","LOGE9","1","2","320.39"
"09-06-23 / 07:47 PM","Balcony","BAL312","9","2","100.38"
"09-06-23 / 07:47 PM","Balcony","BAL318","15","2","131.36"
"09-06-23 / 07:47 PM","Balcony","BAL306","6","2","97.38"
"09-06-23 / 07:47 PM","Balcony","BAL326","7","2","94.38"
"09-06-23 / 07:47 PM","Balcony","BAL329","8","4","135.12"
"09-06-23 / 07:47 PM","Loge","LOGE13","17","2","321.53"
"09-06-23 / 07:47 PM","Balcony","BAL323","7","2","133.36"
"09-06-23 / 07:47 PM","Loge","LOGE4","18","2","182.31"
"09-06-23 / 07:47 PM","Balcony","BAL309","14","4","61.11"
"09-06-23 / 07:47 PM","Balcony","BAL318","12","2","129.36"
"09-06-23 / 11:53 AM","Balcony","BAL330","3","2","149.92"
"09-06-23 / 11:53 AM","Balcony","BAL305","14","2","56.79"
"09-06-23 / 11:53 AM","Loge","LOGE3","21","4","250.32"
"09-06-23 / 11:53 AM","Loge","LOGE15","12","2","190.3"
"09-06-23 / 03:29 AM","Balcony","BAL322","15","2","136.35"
"09-06-23 / 03:29 AM","Loge","LOGE17","6","2","175.33"
"09-06-23 / 03:29 AM","Loge","LOGE8","26","4","169.7"
"09-06-23 / 03:29 AM","Loge","LOGE9","25","2","175.62"
"09-06-23 / 03:29 AM","Loge","LOGE16","3","2","222.46"
"09-05-23 / 08:34 PM","Balcony","BAL312","9","2","107.37"
"09-05-23 / 08:34 PM","Balcony","BAL316","13","2","84.39"
"09-05-23 / 08:34 PM","Balcony","BAL326","7","2","103.37"
"09-05-23 / 08:34 PM","Club","CLB139","E","2","200.74"
"09-05-23 / 08:34 PM","Club","CLB143","E","4","202.75"
"09-05-23 / 08:34 PM","Club","CLB109","D","4","219.51"
"09-05-23 / 08:34 PM","Club","CLB143","B","2","215.81"
"09-05-23 / 08:34 PM","Club","CLB107","E","2","222.43"
"09-05-23 / 08:34 PM","Club","CLB115","C","4","225.99"
"09-05-23 / 09:51 AM","Club","CLB111","H","3","327.24"
"09-05-23 / 02:30 AM","Balcony","BAL324","3","2","140.14"
"09-05-23 / 02:30 AM","Balcony","BAL330","3","2","149.49"
"09-05-23 / 02:30 AM","Loge","LOGE15","17","2","198.3"
"09-03-23 / 02:48 PM","Balcony","BAL306","15","2","66.08"
"09-03-23 / 07:31 AM","Balcony","BAL325","13","5","68.87"
"09-02-23 / 11:09 PM","Loge","LOGE10","11","2","264.01"
"09-02-23 / 03:13 PM","Loge","LOGE3","21","4","250.32"
"09-02-23 / 07:11 AM","Balcony","BAL308","10","5","84.89"
"09-02-23 / 07:11 AM","Balcony","BAL303","13","4","78.57"
"09-02-23 / 07:11 AM","Loge","LOGE14","9","2","259.19"
"09-02-23 / 07:11 AM","Loge","LOGE16","3","2","220.28"
"09-02-23 / 07:11 AM","Loge","LOGE15","22","2","195.02"
"09-02-23 / 07:11 AM","Balcony","BAL316","10","3","156.66"
"09-01-23 / 09:34 PM","Balcony","BAL306","1","2","145.21"
"09-01-23 / 09:34 PM","Balcony","BAL306","7","2","95.36"
"09-01-23 / 09:34 PM","Balcony","BAL317","13","7","131.92"
"09-01-23 / 09:34 PM","Balcony","BAL321","12","3","75.66"
"09-01-23 / 04:55 AM","Balcony","BAL308","10","5","85.52"
"09-01-23 / 04:55 AM","Loge","LOGE19","21","5","173.92"
"09-01-23 / 04:55 AM","Balcony","BAL323","11","5","87.14"
"09-01-23 / 04:55 AM","Balcony","BAL312","13","2","79.93"
"09-01-23 / 04:55 AM","Balcony","BAL324","12","2","85.02"
"09-01-23 / 04:55 AM","Loge","LOGE10","3","2","310.95"
"09-01-23 / 04:55 AM","Balcony","BAL310","11","2","85.82"
"09-01-23 / 04:55 AM","Loge","LOGE20","7","2","350.84"
"08-31-23 / 07:27 PM","Balcony","BAL317","9","2","117.79"
"08-31-23 / 07:27 PM","Club","CLB145","A","2","215.76"
"08-31-23 / 07:27 PM","Loge","LOGE20","4","2","333.2"
"08-31-23 / 07:27 PM","Balcony","BAL329","15","3","76.62"
"08-31-23 / 07:27 PM","Balcony","BAL307","11","2","156.81"
"08-31-23 / 07:27 PM","Balcony","BAL313","14","2","159.8"
"08-31-23 / 07:27 PM","Loge","LOGE3","21","4","250.32"
"08-31-23 / 07:27 PM","Balcony","BAL309","11","5","86.34"
"08-31-23 / 07:27 PM","Loge","LOGE7","1","2","247.94"
"08-31-23 / 07:27 PM","Balcony","BAL324","11","2","133.2"
"08-31-23 / 07:27 PM","Loge","LOGE9","13","3","289.1"
"08-31-23 / 11:13 AM","Loge","LOGE3","14","2","341.04"
"08-31-23 / 03:10 AM","Loge","LOGE3","5","2","292.51"
"08-31-23 / 03:10 AM","Loge","LOGE18","7","2","173.32"
"08-31-23 / 03:10 AM","Loge","LOGE10","8","2","292.87"
"08-31-23 / 03:10 AM","Loge","LOGE10","6","2","296.11"
"08-31-23 / 03:10 AM","Loge","LOGE6","H","2","215.6"
"08-30-23 / 06:58 PM","Balcony","BAL329","8","4","116.14"
"08-30-23 / 06:58 PM","Loge","LOGE10","14","2","259.11"
"08-30-23 / 06:58 PM","Balcony","BAL322","1","2","126.42"
"08-30-23 / 06:58 PM","Balcony","BAL322","14","3","68.31"
"08-30-23 / 06:58 PM","Loge","LOGE6","G","2","221.6"
"08-30-23 / 11:01 AM","Loge","LOGE10","10","4","265.63"
"08-30-23 / 11:01 AM","Loge","LOGE3","19","2","220.28"
"08-30-23 / 11:00 AM","Loge","LOGE10","13","2","355.74"
"08-30-23 / 02:12 AM","Balcony","BAL316","9","2","127.46"
"08-30-23 / 02:12 AM","Loge","LOGE19","15","2","261.66"
"08-29-23 / 05:22 PM","Balcony","BAL313","14","2","68.07"
"08-29-23 / 05:22 PM","Loge","LOGE3","5","2","296.48"
"08-29-23 / 05:22 PM","Loge","LOGE19","21","4","171.69"
"08-29-23 / 05:22 PM","Balcony","BAL317","10","6","96.34"
"08-29-23 / 05:22 PM","Loge","LOGE12","17","2","252.1"
"08-29-23 / 05:22 PM","Loge","LOGE3","26","2","202.53"
"08-29-23 / 05:22 PM","Loge","LOGE10","26","2","208.21"
"08-29-23 / 05:22 PM","Loge","LOGE2","18","2","285.81"
"08-29-23 / 05:22 PM","Balcony","BAL302","14","2","150.48"
"08-29-23 / 05:22 PM","Balcony","BAL302","15","4","169.41"
"08-29-23 / 05:22 PM","Loge","LOGE6","25","2","141.01"
"08-29-23 / 05:22 PM","Loge","LOGE17","26","2","188.33"
"08-29-23 / 05:22 PM","Balcony","BAL303","15","4","122.09"
"08-29-23 / 05:22 PM","Balcony","BAL303","14","2","93.69"
"08-29-23 / 09:00 AM","Balcony","BAL326","7","2","103.37"
"08-29-23 / 09:00 AM","Balcony","BAL322","15","2","136.35"
"08-29-23 / 09:00 AM","Loge","LOGE16","3","2","220.28"
"08-29-23 / 09:00 AM","Loge","LOGE15","12","2","190.3"
"08-29-23 / 09:00 AM","Loge","LOGE19","21","5","172.49"
"08-29-23 / 09:00 AM","Balcony","BAL323","7","2","133.36"
"08-29-23 / 09:00 AM","Balcony","BAL312","9","2","107.37"
"08-29-23 / 09:00 AM","Loge","LOGE4","18","2","182.31"
"08-29-23 / 09:00 AM","Balcony","BAL328","12","4","106.15"
"08-29-23 / 09:00 AM","Balcony","BAL318","12","2","129.36"
"08-29-23 / 09:00 AM","Balcony","BAL303","9","4","108.15"
"08-29-23 / 09:00 AM","Loge","LOGE3","21","4","250.32"
"08-29-23 / 12:24 AM","Balcony","BAL318","7","2","129.24"
"08-29-23 / 12:24 AM","Balcony","BAL326","7","2","106.37"
"08-29-23 / 12:24 AM","Loge","LOGE21","14","6","301.05"
"08-29-23 / 12:24 AM","Loge","LOGE3","5","2","295.29"
"08-28-23 / 03:51 PM","Balcony","BAL323","12","2","161.33"
"08-28-23 / 03:51 PM","Balcony","BAL313","14","2","159.8"
"08-28-23 / 03:51 PM","Balcony","BAL324","11","4","94.75"
"08-28-23 / 03:51 PM","Balcony","BAL307","11","2","156.81"
"08-28-23 / 07:53 AM","Balcony","BAL308","10","5","84.91"
"08-28-23 / 07:53 AM","Loge","LOGE6","G","2","222.39"
"08-27-23 / 11:15 PM","Balcony","BAL330","3","2","150.48"
"08-27-23 / 11:15 PM","Loge","LOGE19","21","5","173.2"
"08-27-23 / 11:15 PM","Balcony","BAL309","14","2","66.93"
"08-27-23 / 11:15 PM","Balcony","BAL319","14","4","68.55"
"08-27-23 / 11:15 PM","Balcony","BAL307","5","2","70.29"
"08-27-23 / 11:15 PM","Balcony","BAL318","9","2","81.32"
"08-27-23 / 11:15 PM","Balcony","BAL304","15","2","77.56"
"08-27-23 / 11:15 PM","Balcony","BAL304","14","2","63.03"
"08-27-23 / 11:15 PM","Balcony","BAL322","15","4","67.9"
"08-27-23 / 11:15 PM","Balcony","BAL313","15","4","74.4"
"08-27-23 / 11:15 PM","Balcony","BAL311","8","2","71.25"
"08-27-23 / 03:30 PM","Balcony","BAL327","9","2","89.84"
"08-27-23 / 12:59 AM","Balcony","BAL309","8","2","141.35"
"08-27-23 / 12:59 AM","Loge","LOGE15","18","2","340.06"
"08-27-23 / 12:59 AM","Loge","LOGE14","9","2","263.25"
"08-27-23 / 12:59 AM","Loge","LOGE8","26","2","196.3"
"08-27-23 / 12:59 AM","Loge","LOGE10","6","2","294.62"
"08-26-23 / 08:33 AM","Balcony","BAL309","2","2","104.65"
"08-26-23 / 08:33 AM","Balcony","BAL317","15","2","148.34"
"08-26-23 / 08:33 AM","Loge","LOGE18","H","4","271.46"
"08-25-23 / 11:15 PM","Balcony","BAL306","8","2","89.53"
"08-25-23 / 11:15 PM","Loge","LOGE13","17","2","321.53"
"08-25-23 / 11:15 PM","Loge","LOGE11","14","2","358.7"
"08-25-23 / 11:15 PM","Balcony","BAL329","9","2","74.19"
"08-25-23 / 11:15 PM","Balcony","BAL310","9","2","85.78"
"08-25-23 / 02:58 PM","Loge","LOGE17","3","2","173.18"
"08-25-23 / 02:58 PM","VIP","11","B","2","922.18"
"08-25-23 / 06:23 AM","Loge","LOGE7","25","4","167.91"
"08-25-23 / 06:23 AM","Loge","LOGE19","21","5","174.18"
"08-25-23 / 06:23 AM","Loge","LOGE14","9","2","264.54"
"08-25-23 / 06:23 AM","Balcony","BAL309","8","2","141.35"
"08-24-23 / 08:59 PM","Loge","LOGE9","1","2","320.39"
"08-24-23 / 08:59 PM","Loge","LOGE14","3","2","315.79"
"08-24-23 / 08:59 PM","Loge","LOGE3","1","2","358.7"
"08-24-23 / 08:59 PM","Balcony","BAL319","13","2","119.37"
"08-24-23 / 08:59 PM","Loge","LOGE18","B","2","246.22"
"08-24-23 / 08:59 PM","Loge","LOGE12","17","2","357.39"
"08-24-23 / 12:22 PM","Balcony","BAL308","10","5","84.81"
"08-24-23 / 12:22 PM","Balcony","BAL301","13","2","113.4"
"08-24-23 / 12:22 PM","Balcony","BAL301","15","3","139.86"
"08-24-23 / 12:22 PM","Balcony","BAL330","5","5","158.76"
"08-24-23 / 03:42 AM","Balcony","BAL326","7","2","96.52"
"08-24-23 / 03:42 AM","Balcony","BAL309","2","2","106.89"
"08-24-23 / 03:42 AM","Balcony","BAL308","10","5","86.24"
"08-24-23 / 03:42 AM","Balcony","BAL311","11","2","89"
"08-24-23 / 03:42 AM","Balcony","BAL313","12","2","66.24"
"08-24-23 / 03:42 AM","Floor","FLR21","BB","2","3000"
"08-23-23 / 06:54 PM","Balcony","BAL326","5","3","170.52"
"08-23-23 / 06:54 PM","Balcony","BAL319","2","2","168.56"
"08-23-23 / 06:54 PM","Club","CLB113","F","6","245.86"
"08-23-23 / 06:54 PM","Loge","LOGE7","12","2","235.2"
"08-23-23 / 02:44 AM","Balcony","BAL304","14","2","69.39"
"08-23-23 / 02:44 AM","Balcony","BAL305","11","2","133.36"
"08-23-23 / 02:44 AM","Loge","LOGE3","1","2","358.7"
"08-23-23 / 02:44 AM","VIP","11","C","2","683.06"
"08-23-23 / 02:44 AM","Loge","LOGE4","1","2","255.06"
"08-23-23 / 02:44 AM","Balcony","BAL306","1","2","145.21"
"08-23-23 / 02:44 AM","Balcony","BAL316","9","2","158.21"
"08-23-23 / 02:44 AM","Balcony","BAL305","14","2","66.24"
"08-23-23 / 02:44 AM","Loge","LOGE21","3","2","366.28"
"08-22-23 / 06:12 PM","Balcony","BAL306","6","2","126.49"
"08-22-23 / 06:12 PM","Loge","LOGE9","1","2","320.39"
"08-22-23 / 06:12 PM","Balcony","BAL312","9","2","119.37"
"08-22-23 / 02:14 AM","Balcony","BAL319","12","4","72.86"
"08-22-23 / 02:14 AM","Balcony","BAL303","13","4","83.68"
"08-22-23 / 02:14 AM","Balcony","BAL303","10","4","87.67"
"08-22-23 / 02:14 AM","Balcony","BAL311","9","6","72.25"
"08-21-23 / 05:28 PM","Balcony","BAL323","13","2","83.03"
"08-21-23 / 05:28 PM","Balcony","BAL304","8","2","96.87"
"08-21-23 / 05:28 PM","Balcony","BAL321","5","2","98.71"
"08-21-23 / 05:28 PM","Balcony","BAL317","15","2","148.34"
"08-21-23 / 05:28 PM","Balcony","BAL316","12","2","112.17"
"08-21-23 / 05:28 PM","Balcony","BAL311","13","2","73.8"
"08-21-23 / 05:28 PM","Loge","LOGE4","8","2","274.4"
"08-21-23 / 10:10 AM","VIP","11","A","4","1127"
"08-21-23 / 02:37 AM","Club","CLB109","H","4","180.63"
"08-21-23 / 02:37 AM","Loge","LOGE17","2","4","175.77"
"08-20-23 / 05:56 PM","Balcony","BAL326","8","4","152.11"
"08-20-23 / 05:56 PM","Balcony","BAL320","7","2","95.38"
"08-20-23 / 05:56 PM","Club","CLB143","D","2","220.77"
"08-20-23 / 10:51 AM","Balcony","BAL324","11","2","127.8"
"08-20-23 / 02:58 AM","Loge","LOGE3","1","2","358.7"
"08-19-23 / 06:38 PM","Balcony","BAL315","4","2","175.32"
"08-19-23 / 06:38 PM","Loge","LOGE7","F","2","210.29"
"08-19-23 / 09:52 AM","Loge","LOGE6","H","2","205.29"
"08-19-23 / 09:52 AM","Loge","LOGE3","6","1","287.14"
"08-19-23 / 09:52 AM","Balcony","BAL305","11","2","133.36"
"08-19-23 / 12:45 AM","Loge","LOGE10","24","4","180.42"
"08-19-23 / 12:45 AM","Loge","LOGE7","B","2","233.24"
"08-19-23 / 12:45 AM","Balcony","BAL330","4","3","164.49"
"08-19-23 / 12:45 AM","Balcony","BAL316","9","2","123.93"
"08-19-23 / 12:45 AM","Loge","LOGE6","19","2","136.77"
"08-18-23 / 03:55 PM","Loge","LOGE10","1","2","323.4"
"08-18-23 / 01:38 AM","Balcony","BAL327","2","1","120.42"
"08-17-23 / 09:59 PM","VIP","2","B","2","1381.97"
"08-17-23 / 09:59 PM","Loge","LOGE20","21","3","258.77"
"08-17-23 / 06:36 PM","Balcony","BAL322","15","4","141.31"
"08-17-23 / 04:59 PM","Balcony","BAL307","6","2","97.52"
"08-17-23 / 04:59 PM","Loge","LOGE9","19","3","144.06"
"08-17-23 / 08:49 AM","Club","CLB139","C","2","210.73"
"08-17-23 / 08:49 AM","Club","CLB111","E","2","235.83"
"08-17-23 / 08:49 AM","Club","CLB109","D","4","255.9"
"08-16-23 / 04:32 PM","Balcony","BAL311","8","4","89.32"
"08-16-23 / 01:01 PM","Balcony","BAL317","15","0","129.17"
"08-16-23 / 01:01 PM","Balcony","BAL316","15","0","137.81"